pid,period_id,ix_id,date,stimulus,switch,content,switches_open,sensor_volts,starttime,endtime,duration,recording,monkey,individual,walking_through,sitting,test_phase_day,study_day,test_phase,using_stimuli,start_hour,condition
1561d74e,7cff,4.20E+124,2021-05-14,no-stimulus,2,none,"False, False, True","0.28, 0.27, 1.31",2021-05-14 15:00:29,2021-05-14 15:00:31,3.1,2021-05-14_15-00_7cff.h264,Saki,Igor,TRUE,FALSE,1,1,1-control-prior,FALSE,15,first-baseline
1561d74e,7cff,3ad69d,2021-05-14,no-stimulus,0,none,"True, False, False","0.77, 0.23, 0.17",2021-05-14 15:00:31,2021-05-14 15:00:34,3.05,2021-05-14_15-00_7cff.h264,Saki,Igor,TRUE,FALSE,1,1,1-control-prior,FALSE,15,first-baseline
1561d74e,0ddb,770314,2021-05-14,no-stimulus,2,none,"False, False, True","0.28, 0.21, 1.0",2021-05-14 15:04:21,2021-05-14 15:04:24,3.08,2021-05-14_15-04_0ddb.h264,Saki,Hubert,TRUE,FALSE,1,1,1-control-prior,FALSE,15,first-baseline
1561d74e,0ddb,d64859,2021-05-14,no-stimulus,0,none,"True, False, False","0.62, 0.24, 0.17",2021-05-14 15:04:24,2021-05-14 15:04:27,3.08,2021-05-14_15-04_0ddb.h264,Saki,Hubert,TRUE,FALSE,1,1,1-control-prior,FALSE,15,first-baseline
1561d74e,f2c4,d5fecf,2021-05-14,no-stimulus,2,none,"False, False, True","0.22, 0.26, 1.0",2021-05-14 15:05:50,2021-05-14 15:05:53,3.13,2021-05-14_15-05_f2c4.h264,Saki,Igor,TRUE,FALSE,1,1,1-control-prior,FALSE,15,first-baseline
1561d74e,3.40E+02,04bb08,2021-05-14,no-stimulus,2,none,"False, False, True","0.28, 0.24, 0.74",2021-05-14 15:17:42,2021-05-14 15:17:45,3.1,2021-05-14_15-17_34e1.h264,Saki,Hubert,FALSE,FALSE,1,1,1-control-prior,FALSE,15,first-baseline
1561d74e,3.40E+02,5b9bf1,2021-05-14,no-stimulus,0,none,"True, False, False","0.62, 0.24, 0.17",2021-05-14 15:17:45,2021-05-14 15:17:48,3.22,2021-05-14_15-17_34e1.h264,Saki,Hubert,FALSE,FALSE,1,1,1-control-prior,FALSE,15,first-baseline
1561d74e,b095,89a3ff,2021-05-14,no-stimulus,0,none,"True, False, False","0.78, 0.24, 0.17",2021-05-14 15:50:54,2021-05-14 15:50:59,5.47,2021-05-14_15-50_b095.h264,Saki,Bea,FALSE,FALSE,1,1,1-control-prior,FALSE,15,first-baseline
1561d74e,b095,83b81c,2021-05-14,no-stimulus,1,none,"True, True, False","0.77, 0.94, 0.18",2021-05-14 15:50:59,2021-05-14 15:51:02,3.07,2021-05-14_15-50_b095.h264,Saki,Bea,FALSE,FALSE,1,1,1-control-prior,FALSE,15,first-baseline
1561d74e,b095,4537d3,2021-05-14,no-stimulus,2,none,"False, False, True","0.29, 0.24, 0.64",2021-05-14 15:51:02,2021-05-14 15:51:06,3.1,2021-05-14_15-50_b095.h264,Saki,Bea,FALSE,FALSE,1,1,1-control-prior,FALSE,15,first-baseline
1561d74e,5217,224fac,2021-05-15,no-stimulus,2,none,"False, False, True","0.24, 0.25, 0.21",2021-05-15 5:31:20,2021-05-15 5:31:25,4.13,2021-05-15_05-31_5217.h264,Saki,Hubert,TRUE,FALSE,1,1,1-control-prior,FALSE,5,first-baseline
1561d74e,5217,1f8a9e,2021-05-15,no-stimulus,1,none,"False, True, True","0.27, 0.87, 0.7",2021-05-15 5:31:25,2021-05-15 5:31:28,3.17,2021-05-15_05-31_5217.h264,Saki,Hubert,TRUE,FALSE,1,1,1-control-prior,FALSE,5,first-baseline
1561d74e,12d0,11e2ee,2021-05-15,no-stimulus,1,none,"False, True, False","0.27, 0.84, 0.61",2021-05-15 7:05:06,2021-05-15 7:05:09,3.18,2021-05-15_07-05_12d0.h264,Saki,Igor,TRUE,FALSE,1,1,1-control-prior,FALSE,7,first-baseline
1561d74e,04c3,afadcc,2021-05-15,no-stimulus,2,none,"False, False, True","0.28, 0.24, 0.7",2021-05-15 7:16:02,2021-05-15 7:16:05,3.13,2021-05-15_07-16_04c3.h264,Saki,Hubert,TRUE,FALSE,1,1,1-control-prior,FALSE,7,first-baseline
13723d63,c08c,1afb21,2021-05-16,no-stimulus,1,none,"False, True, False","0.74, 0.79, 0.22",2021-05-16 8:36:54,2021-05-16 8:36:57,3.22,2021-05-16_08-36_c08c.h264,Saki,Igor,TRUE,FALSE,2,2,1-control-prior,FALSE,8,first-baseline
13723d63,ddd6,54ebc8,2021-05-17,no-stimulus,0,none,"True, False, False","0.72, 0.24, 0.22",2021-05-17 6:12:47,2021-05-17 6:12:51,3.11,2021-05-17_06-12_ddd6.h264,Saki,Igor,TRUE,FALSE,3,3,1-control-prior,FALSE,6,first-baseline
13723d63,167,a073a8,2021-05-17,no-stimulus,2,none,"False, False, True","0.29, 0.22, 0.72",2021-05-17 12:17:17,2021-05-17 12:17:19,3.1,2021-05-17_12-17_0167.h264,Saki,Hubert,TRUE,FALSE,4,4,1-control-prior,FALSE,12,first-baseline
13723d63,167,c5c9f6,2021-05-17,no-stimulus,0,none,"True, False, False","0.7, 0.26, 0.23",2021-05-17 12:17:20,2021-05-17 12:17:23,3.22,2021-05-17_12-17_0167.h264,Saki,Hubert,TRUE,FALSE,4,4,1-control-prior,FALSE,12,first-baseline
13723d63,3795,33bf1d,2021-05-17,no-stimulus,2,none,"False, False, True","0.29, 0.27, 0.76",2021-05-17 12:37:09,2021-05-17 12:37:11,3.1,2021-05-17_12-37_3795.h264,Saki,Hubert,TRUE,FALSE,4,4,1-control-prior,FALSE,12,first-baseline
13723d63,3795,eca9c1,2021-05-17,no-stimulus,0,none,"True, False, False","0.7, 0.26, 0.23",2021-05-17 12:37:11,2021-05-17 12:37:15,3.24,2021-05-17_12-37_3795.h264,Saki,Hubert,TRUE,FALSE,4,4,1-control-prior,FALSE,12,first-baseline
13723d63,fbe0,984b0e,2021-05-18,no-stimulus,0,none,"True, False, False","0.72, 0.28, 0.27",2021-05-18 6:40:02,2021-05-18 6:40:04,3.1,2021-05-18_06-40_fbe0.h264,Saki,Hubert,FALSE,FALSE,4,4,1-control-prior,FALSE,6,first-baseline
13723d63,fbe0,70bd5d,2021-05-18,no-stimulus,2,none,"False, False, True","0.3, 0.27, 0.61",2021-05-18 6:40:05,2021-05-18 6:40:08,3.11,2021-05-18_06-40_fbe0.h264,Saki,Hubert,FALSE,FALSE,4,4,1-control-prior,FALSE,6,first-baseline
13723d63,3cee,366641,2021-05-18,no-stimulus,0,none,"True, False, False","0.95, 0.77, 0.27",2021-05-18 7:19:29,2021-05-18 7:19:32,3.11,2021-05-18_07-19_3cee.h264,Saki,Igor,TRUE,FALSE,4,4,1-control-prior,FALSE,7,first-baseline
13723d63,7806,1befb7,2021-05-18,no-stimulus,2,none,"False, False, True","0.32, 0.77, 0.87",2021-05-18 7:20:17,2021-05-18 7:20:21,3.13,2021-05-18_07-20_7806.h264,Saki,Hubert,TRUE,FALSE,4,4,1-control-prior,FALSE,7,first-baseline
13723d63,9fd3,97dc94,2021-05-18,no-stimulus,2,none,"False, False, True","0.31, 0.3, 0.72",2021-05-18 7:28:45,2021-05-18 7:28:48,3.14,2021-05-18_07-28_9fd3.h264,Saki,Hubert,TRUE,FALSE,4,4,1-control-prior,FALSE,7,first-baseline
13723d63,4d03,5da0ff,2021-05-18,no-stimulus,2,none,"False, False, True","0.3, 0.23, 0.67",2021-05-18 7:42:03,2021-05-18 7:42:05,3.1,2021-05-18_07-42_4d03.h264,Saki,Hubert,FALSE,TRUE,4,4,1-control-prior,FALSE,7,first-baseline
13723d63,4d03,8c6968,2021-05-18,no-stimulus,0,none,"True, False, False","0.73, 0.29, 0.25",2021-05-18 7:42:05,2021-05-18 7:42:08,3.15,2021-05-18_07-42_4d03.h264,Saki,Hubert,FALSE,TRUE,4,4,1-control-prior,FALSE,7,first-baseline
13723d63,4d03,1cb1ba,2021-05-18,no-stimulus,0,none,"True, False, False","0.72, 0.29, 0.27",2021-05-18 7:42:09,2021-05-18 7:42:12,3.08,2021-05-18_07-42_4d03.h264,Saki,Hubert,FALSE,TRUE,4,4,1-control-prior,FALSE,7,first-baseline
13723d63,7778,841e9a,2021-05-18,no-stimulus,2,none,"False, False, True","0.77, 1.25, 0.78",2021-05-18 8:05:07,2021-05-18 8:05:10,3.11,2021-05-18_08-05_7778.h264,Saki,Igor,TRUE,FALSE,4,4,1-control-prior,FALSE,8,first-baseline
13723d63,f62e,39b004,2021-05-18,no-stimulus,0,none,"True, False, False","0.86, 0.31, 0.27",2021-05-18 8:10:06,2021-05-18 8:10:09,3.11,2021-05-18_08-10_f62e.h264,Saki,Hubert,FALSE,FALSE,4,4,1-control-prior,FALSE,8,first-baseline
13723d63,f62e,680437,2021-05-18,no-stimulus,2,none,"False, False, True","0.3, 0.28, 0.76",2021-05-18 8:10:10,2021-05-18 8:10:13,3.07,2021-05-18_08-10_f62e.h264,Saki,Hubert,FALSE,FALSE,4,4,1-control-prior,FALSE,8,first-baseline
13723d63,eef1,767cf6,2021-05-18,no-stimulus,2,none,"False, False, True","0.33, 0.26, 1.44",2021-05-18 9:22:42,2021-05-18 9:22:45,3.1,2021-05-18_09-22_eeff.h264,Saki,Hubert,TRUE,FALSE,4,4,1-control-prior,FALSE,9,first-baseline
13723d63,eef2,2818b5,2021-05-18,no-stimulus,0,none,"True, False, False","0.73, 0.37, 0.29",2021-05-18 9:22:45,2021-05-18 9:22:48,3.18,2021-05-18_09-22_eeff.h264,Saki,Bea,TRUE,FALSE,4,4,1-control-prior,FALSE,9,first-baseline
13723d63,feea,054ed4,2021-05-18,no-stimulus,2,none,"False, False, True","0.32, 0.28, 0.5",2021-05-18 15:20:12,2021-05-18 15:20:15,3.14,2021-05-18_15-20_feea.h264,Saki,Igor,TRUE,FALSE,5,5,1-control-prior,FALSE,15,first-baseline
13723d63,cd4a,b006d6,2021-05-19,no-stimulus,2,none,"False, False, True","0.3, 0.27, 0.86",2021-05-19 5:30:21,2021-05-19 5:30:24,3.16,2021-05-19_05-30_cd4a.h264,Saki,Hubert,TRUE,FALSE,5,5,1-control-prior,FALSE,5,first-baseline
13723d63,cd4a,e58e4b,2021-05-19,no-stimulus,1,none,"False, True, True","0.76, 0.78, 0.4",2021-05-19 5:30:24,2021-05-19 5:30:27,3.1,2021-05-19_05-30_cd4a.h264,Saki,Hubert,TRUE,FALSE,5,5,1-control-prior,FALSE,5,first-baseline
1078e77d,233,1a5a86,2021-05-20,no-stimulus,2,none,"False, False, True","0.32, 0.31, 1.37",2021-05-20 5:26:44,2021-05-20 5:26:48,3.06,2021-05-20_05-26_0233.h264,Saki,Hubert,TRUE,FALSE,6,6,1-control-prior,FALSE,5,first-baseline
1078e77d,233,f003b5,2021-05-20,no-stimulus,0,none,"True, True, False","0.85, 0.84, 0.29",2021-05-20 5:26:48,2021-05-20 5:26:53,5.48,2021-05-20_05-26_0233.h264,Saki,Hubert,TRUE,FALSE,6,6,1-control-prior,FALSE,5,first-baseline
1078e77d,233,85f23a,2021-05-20,no-stimulus,0,none,"True, False, False","0.76, 0.3, 0.27",2021-05-20 5:26:54,2021-05-20 5:26:57,3.07,2021-05-20_05-26_0233.h264,Saki,Hubert,TRUE,FALSE,6,6,1-control-prior,FALSE,5,first-baseline
1078e77d,5a75,8120eb,2021-05-20,no-stimulus,0,none,"True, False, False","0.79, 0.36, 0.26",2021-05-20 6:29:33,2021-05-20 6:29:36,3.15,2021-05-20_06-29_5a75.h264,Saki,Hubert,TRUE,FALSE,6,6,1-control-prior,FALSE,6,first-baseline
1078e77d,d656,2d97e9,2021-05-20,no-stimulus,0,none,"True, False, False","0.76, 0.72, 0.27",2021-05-20 6:50:00,2021-05-20 6:50:04,3.09,2021-05-20_06-50_d656.h264,Saki,Igor,FALSE,FALSE,6,6,1-control-prior,FALSE,6,first-baseline
1078e77d,d656,fcc87c,2021-05-20,no-stimulus,2,none,"False, True, True","0.3, 0.84, 0.77",2021-05-20 6:50:04,2021-05-20 6:50:07,3.06,2021-05-20_06-50_d656.h264,Saki,Igor,FALSE,FALSE,6,6,1-control-prior,FALSE,6,first-baseline
1078e77d,88a5,c880e7,2021-05-20,no-stimulus,2,none,"False, False, True","0.33, 0.28, 1.56",2021-05-20 8:10:25,2021-05-20 8:10:28,3.07,2021-05-20_08-10_88a5.h264,Saki,Igor,TRUE,FALSE,6,6,1-control-prior,FALSE,8,first-baseline
1078e77d,2ec2,b792cf,2021-05-20,no-stimulus,0,none,"True, False, False","0.99, 0.29, 0.24",2021-05-20 8:29:02,2021-05-20 8:29:05,3.16,2021-05-20_08-29_2ec2.h264,Saki,Hubert,FALSE,FALSE,6,6,1-control-prior,FALSE,8,first-baseline
1078e77d,2ec2,f52f2a,2021-05-20,no-stimulus,1,none,"False, True, True","0.3, 0.81, 0.85",2021-05-20 8:29:05,2021-05-20 8:29:09,3.58,2021-05-20_08-29_2ec2.h264,Saki,Hubert,FALSE,FALSE,6,6,1-control-prior,FALSE,8,first-baseline
1078e77d,2ec2,475e1a,2021-05-20,no-stimulus,2,none,"False, False, True","0.34, 0.3, 0.76",2021-05-20 8:29:09,2021-05-20 8:29:12,3.2,2021-05-20_08-29_2ec2.h264,Saki,Hubert,FALSE,FALSE,6,6,1-control-prior,FALSE,8,first-baseline
1078e77d,37c3,6aff57,2021-05-20,no-stimulus,2,none,"False, False, True","0.29, 0.33, 0.95",2021-05-20 8:29:59,2021-05-20 8:30:02,3.12,2021-05-20_08-29_37c3.h264,Saki,Hubert,TRUE,FALSE,6,6,1-control-prior,FALSE,8,first-baseline
1078e77d,37c3,def300,2021-05-20,no-stimulus,0,none,"True, False, False","0.72, 0.27, 0.3",2021-05-20 8:30:02,2021-05-20 8:30:05,3.11,2021-05-20_08-29_37c3.h264,Saki,Hubert,TRUE,FALSE,6,6,1-control-prior,FALSE,8,first-baseline
1078e77d,d002,b466b9,2021-05-20,no-stimulus,2,none,"False, False, True","0.28, 1.41, 0.57",2021-05-20 8:40:46,2021-05-20 8:40:49,3.09,2021-05-20_08-40_d002.h264,Saki,Hubert,TRUE,FALSE,6,6,1-control-prior,FALSE,8,first-baseline
1078e77d,9438,182ee0,2021-05-20,no-stimulus,2,none,"False, False, True","0.32, 0.29, 1.12",2021-05-20 14:32:58,2021-05-20 14:33:02,4.07,2021-05-20_14-32_9438.h264,Saki,Hubert,TRUE,FALSE,7,7,1-control-prior,FALSE,14,first-baseline
1078e77d,9438,1236c8,2021-05-20,no-stimulus,0,none,"True, False, False","0.32, 0.28, 0.26",2021-05-20 14:33:02,2021-05-20 14:33:05,3.05,2021-05-20_14-32_9438.h264,Saki,Hubert,TRUE,FALSE,7,7,1-control-prior,FALSE,14,first-baseline
1078e77d,6387,bac169,2021-05-20,no-stimulus,0,none,"True, False, False","0.89, 0.33, 0.26",2021-05-20 14:34:39,2021-05-20 14:34:42,3.31,2021-05-20_14-34_6387.h264,Saki,Hubert,TRUE,FALSE,7,7,1-control-prior,FALSE,14,first-baseline
1078e77d,6387,184aab,2021-05-20,no-stimulus,2,none,"False, False, True","0.26, 0.29, 0.29",2021-05-20 14:34:42,2021-05-20 14:34:45,3.05,2021-05-20_14-34_6387.h264,Saki,Hubert,TRUE,FALSE,7,7,1-control-prior,FALSE,14,first-baseline
1078e77d,7f18,a703a9,2021-05-20,no-stimulus,0,none,"True, False, False","0.71, 0.73, 0.27",2021-05-20 15:09:36,2021-05-20 15:09:39,3.09,2021-05-20_15-09_7f18.h264,Saki,Hubert,FALSE,FALSE,7,7,1-control-prior,FALSE,15,first-baseline
1078e77d,7f18,6b8909,2021-05-20,no-stimulus,2,none,"False, False, True","0.3, 0.3, 0.61",2021-05-20 15:09:39,2021-05-20 15:09:42,3.06,2021-05-20_15-09_7f18.h264,Saki,Hubert,FALSE,FALSE,7,7,1-control-prior,FALSE,15,first-baseline
1078e77d,601e,4e9c10,2021-05-20,no-stimulus,0,none,"True, False, False","0.85, 0.72, 0.27",2021-05-20 15:16:01,2021-05-20 15:16:05,3.14,2021-05-20_15-16_601e.h264,Saki,Hubert,TRUE,FALSE,7,7,1-control-prior,FALSE,15,first-baseline
1078e77d,455e,f81d42,2021-05-21,no-stimulus,2,none,"False, False, True","0.29, 0.3, 0.74",2021-05-21 6:44:46,2021-05-21 6:44:49,3.11,2021-05-21_06-44_455e.h264,Saki,Igor,TRUE,FALSE,7,7,1-control-prior,FALSE,6,first-baseline
1078e77d,8a00,567f84,2021-05-21,no-stimulus,0,none,"True, False, False","0.84, 0.45, 0.25",2021-05-21 8:56:59,2021-05-21 8:57:02,3.14,2021-05-21_08-56_8a00.h264,Saki,Hubert,TRUE,FALSE,7,7,1-control-prior,FALSE,8,first-baseline
1078e77d,3eed,5c248b,2021-05-21,no-stimulus,2,none,"False, False, True","0.32, 0.71, 0.77",2021-05-21 9:30:05,2021-05-21 9:30:08,3.14,2021-05-21_09-30_3eed.h264,Saki,Igor,TRUE,FALSE,7,7,1-control-prior,FALSE,9,first-baseline
93787c4c,0b6f,a6328d,2021-05-24,auditory,2,music,"False, False, True","0.27, 0.24, 1.12",2021-05-24 7:41:46,2021-05-24 7:41:49,3.1,2021-05-24_07-41_0b6f.h264,Saki,Igor,FALSE,FALSE,1,8,2-audio-1,TRUE,7,stimuli
93787c4c,0b6f,a48b33,2021-05-24,auditory,0,rain,"True, False, False","0.68, 0.37, 0.25",2021-05-24 7:41:49,2021-05-24 7:41:52,3.23,2021-05-24_07-41_0b6f.h264,Saki,Igor,FALSE,FALSE,1,8,2-audio-1,TRUE,7,stimuli
93787c4c,1f54,22fc9b,2021-05-24,auditory,2,music,"False, False, True","0.24, 0.29, 0.68",2021-05-24 12:18:40,2021-05-24 12:18:43,3.09,2021-05-24_12-18_1f54.h264,Saki,Hubert,FALSE,FALSE,2,9,2-audio-1,TRUE,12,stimuli
93787c4c,bb27,e03ed9,2021-05-24,auditory,2,music,"False, False, True","0.31, 0.29, 0.87",2021-05-24 13:46:36,2021-05-24 13:46:39,3.09,2021-05-24_13-46_bb27.h264,Saki,Igor,FALSE,FALSE,2,9,2-audio-1,TRUE,13,stimuli
93787c4c,ab62,d51bee,2021-05-24,auditory,2,music,"False, False, True","0.32, 0.82, 0.76",2021-05-24 13:46:50,2021-05-24 13:46:53,3.09,2021-05-24_13-46_ab62.h264,Saki,Igor,FALSE,FALSE,2,9,2-audio-1,TRUE,13,stimuli
93787c4c,1f51,b42983,2021-05-24,auditory,2,music,"False, False, True","0.23, 0.27, 1.06",2021-05-24 15:34:53,2021-05-24 15:34:56,3.09,2021-05-24_15-34_1f51.h264,Saki,Bea,FALSE,FALSE,2,9,2-audio-1,TRUE,15,stimuli
93787c4c,2c3b,be697b,2021-05-24,auditory,0,rain,"True, False, False","0.67, 0.79, 0.24",2021-05-24 15:40:30,2021-05-24 15:40:33,3.1,2021-05-24_15-40_2c3b.h264,Saki,Bea,TRUE,FALSE,2,9,2-audio-1,TRUE,15,stimuli
93787c4c,12de,733540,2021-05-24,auditory,2,music,"False, False, True","0.29, 0.78, 0.74",2021-05-24 17:58:09,2021-05-24 17:58:13,3.1,2021-05-24_17-58_12de.h264,Saki,Igor,TRUE,FALSE,2,9,2-audio-1,TRUE,17,stimuli
93787c4c,6521,f99944,2021-05-25,auditory,0,rain,"True, False, False","0.75, 0.28, 0.22",2021-05-25 6:23:54,2021-05-25 6:23:57,3.1,2021-05-25_06-23_6521.h264,Saki,Hubert,TRUE,FALSE,2,9,2-audio-1,TRUE,6,stimuli
93787c4c,faff,deffe8,2021-05-25,auditory,2,music,"False, False, True","0.31, 0.28, 1.41",2021-05-25 7:02:47,2021-05-25 7:02:50,3.11,2021-05-25_07-02_faff.h264,Saki,Igor,FALSE,FALSE,2,9,2-audio-1,TRUE,7,stimuli
93787c4c,faff,8aac50,2021-05-25,auditory,1,traffic,"True, True, False","0.7, 0.86, 0.23",2021-05-25 7:02:51,2021-05-25 7:02:55,4.63,2021-05-25_07-02_faff.h264,Saki,Igor,FALSE,FALSE,2,9,2-audio-1,TRUE,7,stimuli
93787c4c,faff,1c8bae,2021-05-25,auditory,0,rain,"True, False, False","0.69, 0.37, 0.25",2021-05-25 7:02:56,2021-05-25 7:03:03,7.66,2021-05-25_07-02_faff.h264,Saki,Igor,FALSE,FALSE,2,9,2-audio-1,TRUE,7,stimuli
93787c4c,d0fc,6d9fd3,2021-05-25,auditory,0,rain,"True, False, False","0.73, 0.69, 0.23",2021-05-25 7:13:16,2021-05-25 7:13:19,3.11,2021-05-25_07-13_d0fc.h264,Saki,Igor,TRUE,FALSE,2,9,2-audio-1,TRUE,7,stimuli
93787c4c,1b3a,c0f1bf,2021-05-25,auditory,2,music,"False, False, True","0.34, 0.1, 0.85",2021-05-25 7:19:05,2021-05-25 7:19:08,3.11,2021-05-25_07-19_1b3a.h264,Saki,Igor,TRUE,FALSE,2,9,2-audio-1,TRUE,7,stimuli
93787c4c,1808,12788d,2021-05-25,auditory,2,music,"False, False, True","0.3, 0.68, 0.77",2021-05-25 7:47:25,2021-05-25 7:47:28,3.1,2021-05-25_07-47_1808.h264,Saki,Hubert,TRUE,FALSE,2,9,2-audio-1,TRUE,7,stimuli
93787c4c,84dd,b937ef,2021-05-25,auditory,0,rain,"True, False, False","0.8, 0.27, 0.26",2021-05-25 7:51:25,2021-05-25 7:51:28,3.1,2021-05-25_07-51_84dd.h264,Saki,Igor,TRUE,FALSE,2,9,2-audio-1,TRUE,7,stimuli
93787c4c,84dd,f5643c,2021-05-25,auditory,2,music,"False, False, True","0.27, 0.28, 0.47",2021-05-25 7:51:29,2021-05-25 7:51:32,3.23,2021-05-25_07-51_84dd.h264,Saki,Igor,TRUE,FALSE,2,9,2-audio-1,TRUE,7,stimuli
93787c4c,236,675d60,2021-05-25,auditory,2,music,"False, False, True","0.3, 0.28, 0.71",2021-05-25 8:06:48,2021-05-25 8:06:51,3.09,2021-05-25_08-06_0236.h264,Saki,Igor,FALSE,FALSE,2,9,2-audio-1,TRUE,8,stimuli
93787c4c,236,64a444,2021-05-25,auditory,0,rain,"True, False, False","0.74, 0.28, 0.25",2021-05-25 8:06:52,2021-05-25 8:06:55,3.22,2021-05-25_08-06_0236.h264,Saki,Igor,FALSE,FALSE,2,9,2-audio-1,TRUE,8,stimuli
93787c4c,2126,256981,2021-05-25,auditory,1,traffic,"False, True, True","0.89, 0.92, 0.71",2021-05-25 14:34:56,2021-05-25 14:34:59,3.1,2021-05-25_14-34_2126.h264,Saki,Igor,TRUE,FALSE,3,10,2-audio-1,TRUE,14,stimuli
93787c4c,e5bd,383b05,2021-05-25,auditory,2,music,"False, False, True","0.3, 0.28, 0.72",2021-05-25 15:58:12,2021-05-25 15:58:15,3.1,2021-05-25_15-58_e5bd.h264,Saki,Igor,TRUE,FALSE,3,10,2-audio-1,TRUE,15,stimuli
93787c4c,e5bd,007e0f,2021-05-25,auditory,0,rain,"True, True, False","0.66, 0.79, 0.24",2021-05-25 15:58:15,2021-05-25 15:58:19,3.22,2021-05-25_15-58_e5bd.h264,Saki,Igor,TRUE,FALSE,3,10,2-audio-1,TRUE,15,stimuli
93787c4c,221a,665c85,2021-05-26,auditory,2,music,"False, False, True","0.27, 0.27, 0.77",2021-05-26 6:45:55,2021-05-26 6:45:58,3.11,2021-05-26_06-45_221a.h264,Saki,Igor,FALSE,FALSE,3,10,2-audio-1,TRUE,6,stimuli
93787c4c,6570,50b539,2021-05-26,auditory,2,music,"False, False, True","0.27, 0.24, 0.76",2021-05-26 8:44:55,2021-05-26 8:44:58,3.1,2021-05-26_08-44_6570.h264,Saki,Igor,TRUE,FALSE,3,10,2-audio-1,TRUE,8,stimuli
149427a9d,1ebe,fea81f,2021-05-27,visual,2,abstract,"False, False, True","0.33, 0.31, 0.74",2021-05-27 5:38:15,2021-05-27 5:38:18,3.19,2021-05-27_05-38_1ebe.h264,Saki,Hubert,TRUE,FALSE,1,11,3-visual-1,TRUE,5,stimuli
149427a9d,8b7d,c1b092,2021-05-27,visual,2,abstract,"False, False, True","0.29, 0.31, 0.73",2021-05-27 6:47:03,2021-05-27 6:47:07,3.14,2021-05-27_06-47_8b7d.h264,Saki,Igor,TRUE,FALSE,1,11,3-visual-1,TRUE,6,stimuli
149427a9d,4e8a,cc43d6,2021-05-27,visual,2,abstract,"False, False, True","0.34, 0.28, 0.71",2021-05-27 6:59:56,2021-05-27 6:59:59,3.16,2021-05-27_06-59_4e8a.h264,Saki,Igor,TRUE,FALSE,1,11,3-visual-1,TRUE,6,stimuli
149427a9d,1c10,1bfc70,2021-05-27,visual,1,worms,"False, True, True","0.73, 0.68, 0.72",2021-05-27 7:09:31,2021-05-27 7:09:34,3.17,2021-05-27_07-09_1c10.h264,Saki,Igor,TRUE,FALSE,1,11,3-visual-1,TRUE,7,stimuli
149427a9d,d151,086f9f,2021-05-27,visual,2,abstract,"False, False, True","0.28, 0.8, 0.75",2021-05-27 14:16:07,2021-05-27 14:16:10,3.21,2021-05-27_14-16_d151.h264,Saki,Igor,TRUE,FALSE,2,12,3-visual-1,TRUE,14,stimuli
149427a9d,f238,2251c2,2021-05-28,visual,2,abstract,"False, False, True","0.31, 0.3, 0.92",2021-05-28 16:50:01,2021-05-28 16:50:04,3.21,2021-05-28_16-50_f238.h264,Saki,Igor,TRUE,FALSE,3,13,3-visual-1,TRUE,16,stimuli
1076e411,2be9,603448,2021-05-29,auditory,0,music,"True, False, False","0.77, 0.26, 0.22",2021-05-29 15:56:41,2021-05-29 15:57:13,32.13,2021-05-29_15-56_2be9.h264,Saki,Bea,FALSE,TRUE,1,14,4-audio-2,TRUE,15,stimuli
1076e411,2be9,d5aab3,2021-05-29,auditory,0,music,"True, False, False","0.77, 0.27, 0.18",2021-05-29 15:57:13,2021-05-29 15:57:25,11.89,2021-05-29_15-56_2be9.h264,Saki,Bea,FALSE,TRUE,1,14,4-audio-2,TRUE,15,stimuli
1076e411,2be9,08800c,2021-05-29,auditory,1,rain,"True, True, False","0.79, 0.82, 0.24",2021-05-29 15:57:26,2021-05-29 15:57:29,3.23,2021-05-29_15-56_2be9.h264,Saki,Bea,FALSE,TRUE,1,14,4-audio-2,TRUE,15,stimuli
1076e411,7308,5fc78a,2021-05-29,auditory,0,music,"True, False, False","0.61, 0.27, 0.19",2021-05-29 16:17:31,2021-05-29 16:17:34,3.09,2021-05-29_16-17_7308.h264,Saki,Igor,FALSE,FALSE,1,14,4-audio-2,TRUE,16,stimuli
1076e411,7308,ed4a98,2021-05-29,auditory,2,traffic,"True, True, True","0.56, 0.74, 0.75",2021-05-29 16:17:34,2021-05-29 16:17:37,3.23,2021-05-29_16-17_7308.h264,Saki,Igor,FALSE,FALSE,1,14,4-audio-2,TRUE,16,stimuli
1076e411,2ac0,598daf,2021-05-30,auditory,0,music,"True, False, False","0.69, 0.19, 0.23",2021-05-30 6:47:20,2021-05-30 6:47:23,3.1,2021-05-30_06-47_2ac0.h264,Saki,Igor,TRUE,FALSE,1,14,4-audio-2,TRUE,6,stimuli
1076e411,e008,d75f45,2021-05-30,auditory,0,music,"True, False, False","0.77, 0.39, 0.21",2021-05-30 7:00:42,2021-05-30 7:00:45,3.1,2021-05-30_07-00_e008.h264,Saki,Igor,TRUE,FALSE,1,14,4-audio-2,TRUE,7,stimuli
1076e411,7e3b,4.84E+11,2021-05-30,auditory,2,traffic,"False, False, True","0.3, 0.85, 0.67",2021-05-30 7:07:35,2021-05-30 7:07:39,3.09,2021-05-30_07-07_7e3b.h264,Saki,Igor,TRUE,FALSE,1,14,4-audio-2,TRUE,7,stimuli
1076e411,bb3c,d1b9a5,2021-05-30,auditory,2,traffic,"False, False, True","0.3, 0.45, 0.75",2021-05-30 7:25:42,2021-05-30 7:25:46,3.08,2021-05-30_07-25_bb3c.h264,Saki,Igor,TRUE,FALSE,1,14,4-audio-2,TRUE,7,stimuli
1076e411,6762,1bce27,2021-05-30,auditory,2,traffic,"False, False, True","0.32, 0.92, 0.97",2021-05-30 13:09:25,2021-05-30 13:09:29,3.09,2021-05-30_13-09_6762.h264,Saki,Hubert,TRUE,FALSE,2,15,4-audio-2,TRUE,13,stimuli
1076e411,8ba1,bea6c9,2021-05-30,auditory,0,music,"True, False, False","0.76, 0.27, 0.23",2021-05-30 13:09:32,2021-05-30 13:09:35,3.09,2021-05-30_13-09_8ba1.h264,Saki,Bea,TRUE,FALSE,2,15,4-audio-2,TRUE,13,stimuli
1076e411,5d7f,5a46ad,2021-05-30,auditory,0,music,"True, False, False","0.66, 0.79, 0.23",2021-05-30 13:11:41,2021-05-30 13:11:45,3.09,2021-05-30_13-11_5d7f.h264,Saki,Igor,FALSE,FALSE,2,15,4-audio-2,TRUE,13,stimuli
1076e411,abf8,5b7b32,2021-05-30,auditory,2,traffic,"False, False, True","0.32, 0.85, 0.81",2021-05-30 14:57:15,2021-05-30 14:57:18,3.09,2021-05-30_14-57_abf8.h264,Saki,Igor,TRUE,FALSE,2,15,4-audio-2,TRUE,14,stimuli
1076e411,cd6d,b1cdd4,2021-05-30,auditory,2,traffic,"False, False, True","0.33, 0.27, 0.85",2021-05-30 15:03:02,2021-05-30 15:03:05,3.09,2021-05-30_15-03_cd6d.h264,Saki,Bea,TRUE,FALSE,2,15,4-audio-2,TRUE,15,stimuli
1076e411,649b,cdb695,2021-05-30,auditory,0,music,"True, False, False","0.59, 0.26, 0.22",2021-05-30 15:25:08,2021-05-30 15:25:12,3.09,2021-05-30_15-25_649b.h264,Saki,Hubert,FALSE,FALSE,2,15,4-audio-2,TRUE,15,stimuli
1076e411,afbb,936364,2021-05-31,auditory,2,traffic,"False, False, True","0.3, 0.24, 0.73",2021-05-31 6:24:49,2021-05-31 6:24:53,3.1,2021-05-31_06-24_afbb.h264,Saki,Igor,TRUE,FALSE,2,15,4-audio-2,TRUE,6,stimuli
1076e411,e914,9ccd4a,2021-05-31,auditory,2,traffic,"False, False, True","0.29, 0.28, 1.09",2021-05-31 7:36:21,2021-05-31 7:36:24,3.1,2021-05-31_07-36_e914.h264,Saki,Igor,FALSE,FALSE,2,15,4-audio-2,TRUE,7,stimuli
1076e411,e914,794337,2021-05-31,auditory,0,music,"True, False, False","0.72, 0.26, 0.23",2021-05-31 7:36:24,2021-05-31 7:36:28,3.23,2021-05-31_07-36_e914.h264,Saki,Igor,FALSE,FALSE,2,15,4-audio-2,TRUE,7,stimuli
1076e411,06fd,3d887c,2021-06-01,auditory,2,traffic,"False, False, True","0.3, 0.27, 0.72",2021-06-01 6:14:20,2021-06-01 6:14:23,3.11,2021-06-01_06-14_06fd.h264,Saki,Igor,TRUE,FALSE,3,16,4-audio-2,TRUE,6,stimuli
1076e411,e6f9,e4fb9c,2021-06-01,auditory,0,music,"True, False, False","0.81, 0.67, 0.27",2021-06-01 8:08:10,2021-06-01 8:08:14,3.12,2021-06-01_08-08_e6f9.h264,Saki,Igor,TRUE,FALSE,3,16,4-audio-2,TRUE,8,stimuli
1076e411,8814,0d1b82,2021-06-01,auditory,2,traffic,"False, False, True","0.24, 0.28, 0.76",2021-06-01 8:49:54,2021-06-01 8:49:57,3.11,2021-06-01_08-49_8814.h264,Saki,Bea,FALSE,FALSE,3,16,4-audio-2,TRUE,8,stimuli
1076e411,8d7a,0b32a2,2021-06-01,auditory,1,rain,"False, True, False","0.73, 0.77, 0.23",2021-06-01 10:46:19,2021-06-01 10:46:22,3.1,2021-06-01_10-46_8d7a.h264,Saki,Igor,TRUE,FALSE,3,16,4-audio-2,TRUE,10,stimuli
6.76E+07,dcc3,c26b93,2021-06-02,visual,0,abstract,"True, False, False","0.7, 0.18, 0.27",2021-06-02 6:09:03,2021-06-02 6:09:06,3.13,2021-06-02_06-09_dcc3.h264,Saki,Igor,FALSE,FALSE,1,17,5-visual-2,TRUE,6,stimuli
6.76E+07,5bb2,930049,2021-06-02,visual,0,abstract,"True, False, False","0.73, 0.27, 0.19",2021-06-02 16:24:26,2021-06-02 16:24:29,3.13,2021-06-02_16-24_5bb2.h264,Saki,Bea,FALSE,FALSE,2,18,5-visual-2,TRUE,16,stimuli
6.76E+07,5bb2,e841e8,2021-06-02,visual,1,underwater,"False, True, True","0.29, 0.73, 0.73",2021-06-02 16:24:29,2021-06-02 16:24:33,3.2,2021-06-02_16-24_5bb2.h264,Saki,Bea,FALSE,FALSE,2,18,5-visual-2,TRUE,16,stimuli
6.76E+07,5bb2,a74449,2021-06-02,visual,2,worms,"False, False, True","0.31, 0.32, 0.66",2021-06-02 16:24:33,2021-06-02 16:24:36,3.16,2021-06-02_16-24_5bb2.h264,Saki,Bea,FALSE,FALSE,2,18,5-visual-2,TRUE,16,stimuli
6.76E+07,db4e,cb462e,2021-06-03,visual,0,abstract,"True, False, False","0.77, 0.35, 0.23",2021-06-03 6:23:35,2021-06-03 6:23:38,3.12,2021-06-03_06-23_db4e.h264,Saki,Igor,TRUE,FALSE,2,18,5-visual-2,TRUE,6,stimuli
12048636f,5.80E+04,2be4b1,2021-06-05,auditory,2,rain,"False, False, True","0.27, 0.22, 0.72",2021-06-05 5:43:58,2021-06-05 5:44:01,3.12,2021-06-05_05-43_58e3.h264,Saki,Hubert,TRUE,FALSE,1,20,6-audio-3,TRUE,5,stimuli
12048636f,920a,c79506,2021-06-05,auditory,0,traffic,"True, False, False","0.67, 0.76, 0.23",2021-06-05 6:32:13,2021-06-05 6:32:16,3.09,2021-06-05_06-32_920a.h264,Saki,Igor,TRUE,FALSE,1,20,6-audio-3,TRUE,6,stimuli
12048636f,e41e,615332,2021-06-05,auditory,0,traffic,"True, False, False","0.72, 0.24, 0.23",2021-06-05 7:55:21,2021-06-05 7:55:24,3.1,2021-06-05_07-55_e41e.h264,Saki,Hubert,TRUE,FALSE,1,20,6-audio-3,TRUE,7,stimuli
12048636f,e41e,6.25E+76,2021-06-05,auditory,2,rain,"False, False, True","0.31, 0.28, 0.77",2021-06-05 7:55:24,2021-06-05 7:55:28,3.23,2021-06-05_07-55_e41e.h264,Saki,Hubert,TRUE,FALSE,1,20,6-audio-3,TRUE,7,stimuli
12048636f,1955,38ea1b,2021-06-05,auditory,0,traffic,"True, False, False","0.85, 0.13, 0.25",2021-06-05 8:47:39,2021-06-05 8:47:43,3.1,2021-06-05_08-47_1955.h264,Saki,Hubert,FALSE,FALSE,1,20,6-audio-3,TRUE,8,stimuli
12048636f,1955,2ad5e1,2021-06-05,auditory,2,rain,"False, False, True","0.29, 0.22, 0.69",2021-06-05 8:47:43,2021-06-05 8:47:46,3.22,2021-06-05_08-47_1955.h264,Saki,Hubert,FALSE,FALSE,1,20,6-audio-3,TRUE,8,stimuli
12048636f,1122,71178d,2021-06-05,auditory,2,rain,"False, False, True","0.72, 0.84, 0.69",2021-06-05 15:20:19,2021-06-05 15:20:22,3.1,2021-06-05_15-20_1122.h264,Saki,Bea,TRUE,FALSE,2,21,6-audio-3,TRUE,15,stimuli
12048636f,34eb,e523ab,2021-06-05,auditory,0,traffic,"True, False, False","0.56, 0.84, 0.69",2021-06-05 16:55:11,2021-06-05 16:55:15,3.1,2021-06-05_16-55_34eb.h264,Saki,Hubert,TRUE,FALSE,2,21,6-audio-3,TRUE,16,stimuli
12048636f,bc70,07658e,2021-06-06,auditory,2,rain,"False, False, True","0.28, 0.24, 0.8",2021-06-06 6:07:16,2021-06-06 6:07:19,3.11,2021-06-06_06-07_bc70.h264,Saki,Igor,TRUE,FALSE,2,21,6-audio-3,TRUE,6,stimuli
1030be0d,a3bb,57e9d8,2021-06-07,visual,2,underwater,"False, False, True","0.23, 0.31, 1.09",2021-06-07 13:45:30,2021-06-07 13:45:34,3.13,2021-06-07_13-45_a3bb.h264,Saki,Igor,TRUE,FALSE,1,23,7-visual-3,TRUE,13,stimuli
1030be0d,1236,c71dda,2021-06-08,visual,2,underwater,"False, False, True","0.3, 0.26, 0.73",2021-06-08 5:58:54,2021-06-08 5:58:57,3.22,2021-06-08_05-58_1236.h264,Saki,Igor,TRUE,FALSE,1,23,7-visual-3,TRUE,5,stimuli
1030be0d,62d8,0f4f08,2021-06-08,visual,0,worms,"True, False, False","0.97, 0.78, 0.28",2021-06-08 6:52:49,2021-06-08 6:52:53,3.24,2021-06-08_06-52_62d8.h264,Saki,Igor,TRUE,FALSE,1,23,7-visual-3,TRUE,6,stimuli
1030be0d,9169,d08128,2021-06-08,visual,0,worms,"True, False, False","0.76, 0.68, 0.26",2021-06-08 7:27:57,2021-06-08 7:28:00,3.15,2021-06-08_07-27_9169.h264,Saki,Igor,FALSE,FALSE,1,23,7-visual-3,TRUE,7,stimuli
1030be0d,9169,25dee7,2021-06-08,visual,2,underwater,"False, False, True","0.3, 0.3, 0.54",2021-06-08 7:28:00,2021-06-08 7:28:03,3.16,2021-06-08_07-27_9169.h264,Saki,Igor,FALSE,FALSE,1,23,7-visual-3,TRUE,7,stimuli
1030be0d,d8ab,27b1f4,2021-06-08,visual,0,worms,"True, False, False","0.69, 0.8, 0.26",2021-06-08 8:15:56,2021-06-08 8:16:00,3.16,2021-06-08_08-15_d8ab.h264,Saki,Igor,FALSE,FALSE,1,23,7-visual-3,TRUE,8,stimuli
1030be0d,d8ab,232acc,2021-06-08,visual,2,underwater,"False, False, True","0.3, 0.28, 0.68",2021-06-08 8:16:00,2021-06-08 8:16:03,3.18,2021-06-08_08-15_d8ab.h264,Saki,Igor,FALSE,FALSE,1,23,7-visual-3,TRUE,8,stimuli
1030be0d,9531,d0f460,2021-06-08,visual,2,underwater,"False, False, True","0.29, 0.27, 0.68",2021-06-08 8:30:06,2021-06-08 8:30:09,3.19,2021-06-08_08-30_9531.h264,Saki,Bea,FALSE,FALSE,1,23,7-visual-3,TRUE,8,stimuli
1030be0d,fc73,f1c44f,2021-06-08,visual,0,worms,"True, False, False","0.65, 0.26, 0.26",2021-06-08 15:53:49,2021-06-08 15:53:52,3.15,2021-06-08_15-53_fc73.h264,Saki,Igor,FALSE,TRUE,2,24,7-visual-3,TRUE,15,stimuli
1030be0d,fc73,8ba969,2021-06-08,visual,2,underwater,"False, True, True","0.73, 0.68, 0.67",2021-06-08 15:53:53,2021-06-08 15:54:39,46.71,2021-06-08_15-53_fc73.h264,Saki,Igor,FALSE,TRUE,2,24,7-visual-3,TRUE,15,stimuli
1030be0d,fc73,f87e38,2021-06-08,visual,2,underwater,"False, False, True","0.3, 0.28, 0.69",2021-06-08 15:54:40,2021-06-08 15:54:43,3.16,2021-06-08_15-53_fc73.h264,Saki,Igor,FALSE,TRUE,2,24,7-visual-3,TRUE,15,stimuli
1030be0d,c348,8.95E+18,2021-06-08,visual,2,underwater,"False, False, True","0.23, 0.29, 0.71",2021-06-08 15:55:18,2021-06-08 15:55:21,3.17,2021-06-08_15-55_c348.h264,Saki,Igor,TRUE,FALSE,2,24,7-visual-3,TRUE,15,stimuli
1030be0d,c348,f1b1d3,2021-06-08,visual,0,worms,"True, False, False","0.69, 0.31, 0.25",2021-06-08 15:55:21,2021-06-08 15:55:24,3.14,2021-06-08_15-55_c348.h264,Saki,Igor,TRUE,FALSE,2,24,7-visual-3,TRUE,15,stimuli
1030be0d,e42f,7.92E+63,2021-06-09,visual,2,underwater,"False, False, True","0.28, 0.88, 0.59",2021-06-09 13:20:40,2021-06-09 13:20:43,3.2,2021-06-09_13-20_e42f.h264,Saki,Igor,TRUE,FALSE,3,25,7-visual-3,TRUE,13,stimuli
1030be0d,af45,1b348e,2021-06-09,visual,0,worms,"True, False, False","0.85, 0.27, 0.25",2021-06-09 13:25:29,2021-06-09 13:25:33,3.16,2021-06-09_13-25_af45.h264,Saki,Bea,TRUE,FALSE,3,25,7-visual-3,TRUE,13,stimuli
1030be0d,c010,fa3924,2021-06-09,visual,1,abstract,"False, True, False","0.63, 0.76, 0.77",2021-06-09 14:46:07,2021-06-09 14:46:10,3.15,2021-06-09_14-46_c010.h264,Saki,Igor,TRUE,FALSE,3,25,7-visual-3,TRUE,14,stimuli
1030be0d,b6b9,7a7ac3,2021-06-09,visual,2,underwater,"False, False, True","0.29, 0.19, 0.71",2021-06-09 15:03:48,2021-06-09 15:03:51,3.06,2021-06-09_15-03_b6b9.h264,Saki,Bea,FALSE,FALSE,3,25,7-visual-3,TRUE,15,stimuli
1030be0d,1f68,682da3,2021-06-09,visual,2,underwater,"False, False, True","0.32, 0.27, 0.76",2021-06-09 15:11:24,2021-06-09 15:11:27,3.04,2021-06-09_15-11_1f68.h264,Saki,Bea,TRUE,FALSE,3,25,7-visual-3,TRUE,15,stimuli
67736311,5069,1ab521,2021-06-10,no-stimulus,0,none,"True, False, False","1.53, 0.81, 0.22",2021-06-10 13:54:19,2021-06-10 13:54:22,3.1,2021-06-10_13-54_5069.h264,Saki,Hubert,TRUE,FALSE,1,26,8-control-post,FALSE,13,second-baseline
67736311,bc5b,e2ca67,2021-06-10,no-stimulus,2,none,"False, False, True","0.27, 0.28, 0.72",2021-06-10 15:09:18,2021-06-10 15:09:21,3.09,2021-06-10_15-09_bc5b.h264,Saki,Bea,TRUE,FALSE,1,26,8-control-post,FALSE,15,second-baseline
67736311,68cc,7ab061,2021-06-10,no-stimulus,0,none,"True, False, False","0.74, 0.26, 0.19",2021-06-10 15:36:56,2021-06-10 15:36:59,3.09,2021-06-10_15-36_68cc.h264,Saki,Igor,FALSE,FALSE,1,26,8-control-post,FALSE,15,second-baseline
67736311,6ef8,6b4049,2021-06-12,no-stimulus,2,none,"False, False, True","0.31, 0.28, 0.67",2021-06-12 16:23:48,2021-06-12 16:23:51,3.13,2021-06-12_16-23_6ef8.h264,Saki,Igor,TRUE,FALSE,3,28,8-control-post,FALSE,16,second-baseline
67736311,6137,d4e8ff,2021-06-13,no-stimulus,0,none,"True, False, False","0.67, 0.74, 0.29",2021-06-13 6:56:08,2021-06-13 6:56:11,3.13,2021-06-13_06-56_6137.h264,Saki,Igor,FALSE,FALSE,3,28,8-control-post,FALSE,6,second-baseline
67736311,6472,32ea03,2021-06-14,no-stimulus,2,none,"False, False, True","0.34, 0.29, 0.74",2021-06-14 6:15:56,2021-06-14 6:16:00,3.13,2021-06-14_06-15_6472.h264,Saki,Igor,TRUE,FALSE,4,29,8-control-post,FALSE,6,second-baseline
67736311,6472,2b2739,2021-06-14,no-stimulus,0,none,"True, False, False","0.47, 0.3, 0.27",2021-06-14 6:16:00,2021-06-14 6:16:03,3.02,2021-06-14_06-15_6472.h264,Saki,Igor,TRUE,FALSE,4,29,8-control-post,FALSE,6,second-baseline
67736311,e4c2,3c4715,2021-06-14,no-stimulus,0,none,"True, False, False","0.73, 0.3, 0.27",2021-06-14 6:22:33,2021-06-14 6:22:36,3.13,2021-06-14_06-22_e4c2.h264,Saki,Hubert,TRUE,FALSE,4,29,8-control-post,FALSE,6,second-baseline
67736311,9dff,9ca5ff,2021-06-14,no-stimulus,0,none,"True, False, False","0.84, 0.29, 0.25",2021-06-14 13:54:11,2021-06-14 13:54:15,3.14,2021-06-14_13-54_9dff.h264,Saki,Igor,FALSE,FALSE,5,30,8-control-post,FALSE,13,second-baseline
67736311,9dff,11a838,2021-06-14,no-stimulus,2,none,"False, False, True","0.32, 0.23, 0.41",2021-06-14 13:54:15,2021-06-14 13:54:18,3.22,2021-06-14_13-54_9dff.h264,Saki,Igor,FALSE,FALSE,5,30,8-control-post,FALSE,13,second-baseline
67736311,4f63,736e7b,2021-06-15,no-stimulus,2,none,"False, False, True","0.28, 0.89, 0.69",2021-06-15 8:55:23,2021-06-15 8:55:26,3.13,2021-06-15_08-55_4f63.h264,Saki,Hubert,TRUE,FALSE,5,30,8-control-post,FALSE,8,second-baseline
67736311,da73,551ed0,2021-06-16,no-stimulus,2,none,"False, False, True","0.25, 0.26, 0.74",2021-06-16 6:56:47,2021-06-16 6:56:50,3.14,2021-06-16_06-56_da73.h264,Saki,Igor,TRUE,FALSE,6,31,8-control-post,FALSE,6,second-baseline
67736311,467,161ce7,2021-06-16,no-stimulus,2,none,"False, False, True","0.3, 0.29, 0.88",2021-06-16 14:59:05,2021-06-16 14:59:08,3.13,2021-06-16_14-59_0467.h264,Saki,Igor,TRUE,FALSE,7,32,8-control-post,FALSE,14,second-baseline
67736311,ec33,8d6923,2021-06-17,no-stimulus,0,none,"True, False, False","0.72, 0.27, 0.27",2021-06-17 6:06:21,2021-06-17 6:06:24,3.15,2021-06-17_06-06_ec33.h264,Saki,Bea,TRUE,FALSE,7,32,8-control-post,FALSE,6,second-baseline